ID,Title,Year,Journal,Author,,,,,,,,,,,,
1,Ten Simple Rules for Organizing and Running a Successful Intensive Two-Week Course.,2019,Neural Computation,Gunnar Blohm,Paul Schrater,Konrad P. Krding,,,,,,,,,,
2,"First Passage Time Memory Lifetimes for Simple, Multistate Synapses: Beyond the Eigenvector Requirement.",2019,Neural Computation,Terry Elliott,,,,,,,,,,,,
3,Decoding of Neural Data Using Cohomological Feature Extraction.,2019,Neural Computation,Erik Rybakken,Nils A. Baas,Benjamin Dunn,,,,,,,,,,
4,Fixed Points of Competitive Threshold-Linear Networks.,2019,Neural Computation,Carina Curto,Jesse Geneson,Katherine Morrison,,,,,,,,,,
5,Supervised Dimensionality Reduction on Grassmannian for Image Set Recognition.,2019,Neural Computation,Tianci Liu,Zelin Shi,Yunpeng Liu,,,,,,,,,,
6,The Exact VC Dimension of the WiSARD n-Tuple Classifier.,2019,Neural Computation,Hugo C. C. Carneiro,Carlos Eduardo Pedreira,Felipe M. G. Frana,Priscila M. V. Lima,,,,,,,,,
7,Dual Neural Network Method for Solving Multiple Definite Integrals.,2019,Neural Computation,Haibin Li,Yangtian Li,Shangjie Li,,,,,,,,,,
8,Modeling the Correlated Activity of Neural Populations: A Review.,2019,Neural Computation,Christophe Gardella,Olivier Marre,Thierry Mora,,,,,,,,,,
9,Functional Diversity in the Retina Improves the Population Code.,2019,Neural Computation,Michael J. Berry II,Felix Lebois,Avi Ziskind,Rava Azeredo da Silveira,,,,,,,,,
10,Equivalence of Equilibrium Propagation and Recurrent Backpropagation.,2019,Neural Computation,Benjamin Scellier,Yoshua Bengio,,,,,,,,,,,
11,Calculating the Mutual Information between Two Spike Trains.,2019,Neural Computation,Conor Houghton,,,,,,,,,,,,
12,Learning Invariant Features in Modulatory Networks through Conflict and Ambiguity.,2019,Neural Computation,W. Shane Grant,Laurent Itti,,,,,,,,,,,
13,Dynamic Computational Model of the Human Spinal Cord Connectome.,2019,Neural Computation,Jeffrey E. Arle,Nicolae Iftimia,Jay L. Shils,Longzhi Mei,Kristen W. Carlson,,,,,,,,
14,Accelerating Nonnegative Matrix Factorization Algorithms Using Extrapolation.,2019,Neural Computation,Andersen Man Shun Ang,Nicolas Gillis,,,,,,,,,,,
15,Systems of Bounded Rational Agents with Information-Theoretic Constraints.,2019,Neural Computation,Sebastian Gottwald,Daniel A. Braun,,,,,,,,,,,
16,Gradient Descent with Identity Initialization Efficiently Learns Positive-Definite Linear Transformations by Deep Residual Networks.,2019,Neural Computation,Peter L. Bartlett,David P. Helmbold,Philip M. Long,,,,,,,,,,
17,Forgetting Memories and Their Attractiveness.,2019,Neural Computation,Enzo Marinari,,,,,,,,,,,,
18,Scalable and Flexible Unsupervised Feature Selection.,2019,Neural Computation,Haojie Hu,Rong Wang,Xiaojun Yang,Feiping Nie,,,,,,,,,
19,State-Space Representations of Deep Neural Networks.,2019,Neural Computation,Michael Hauser,Sean Gunn,Samer Saab Jr.,Asok Ray,,,,,,,,,
20,Advancing System Performance with Redundancy: From Biological to Artificial Designs.,2019,Neural Computation,Anh Tuan Nguyen,Jian Xu,Diu Khue Luu,Qi Zhao,Zhi Yang,,,,,,,,
21,A Novel Optimization Framework to Improve the Computational Cost of Muscle Activation Prediction for a Neuromusculoskeletal System.,2019,Neural Computation,Seyed Mohammad Ali Rahmati,Mostafa Rostami,Alireza Karimi,,,,,,,,,,
22,The Information Bottleneck and Geometric Clustering.,2019,Neural Computation,DJ Strouse,David J. Schwab,,,,,,,,,,,
23,A Distributed Framework for the Construction of Transport Maps.,2019,Neural Computation,Diego A. Mesa,Justin Tantiongloc,Marcela Mendoza,Sanggyun Kim,Todd P. Coleman,,,,,,,,
24,Biologically Realistic Mean-Field Models of Conductance-Based Networks of Spiking Neurons with Adaptation.,2019,Neural Computation,Matteo di Volo,Alberto Romagnoni,Cristiano Capone,Alain Destexhe,,,,,,,,,
25,Estimating Scale-Invariant Future in Continuous Time.,2019,Neural Computation,Zoran Tiganj,Samuel J. Gershman,Per B. Sederberg,Marc W. Howard,,,,,,,,,
26,Deconstructing Odorant Identity via Primacy in Dual Networks.,2019,Neural Computation,Daniel R. Kepple,Hamza Giaffar,Dmitry Rinberg,Alexei A. Koulakov,,,,,,,,,
27,Filtering Compensation for Delays and Prediction Errors during Sensorimotor Control.,2019,Neural Computation,Fr¨¦d¨¦ric Crevecoeur,M. Gevers,,,,,,,,,,,
28,Gated Orthogonal Recurrent Units: On Learning to Forget.,2019,Neural Computation,Li Jing,aglar G¨¹lehre,John Peurifoy,Yichen Shen,Max Tegmark,Marin Soljacic,Yoshua Bengio,,,,,,
29,Decreasing the Size of the Restricted Boltzmann Machine.,2019,Neural Computation,Yohei Saito,Takuya Kato,,,,,,,,,,,
30,Multiclass Alpha Integration of Scores from Multiple Classifiers.,2019,Neural Computation,Gonzalo Safont,Addisson Salazar,Luis Vergara,,,,,,,,,,
31,Information Geometry for Regularized Optimal Transport and Barycenters of Patterns.,2019,Neural Computation,Shun-ichi Amari,Ryo Karakida,Masafumi Oizumi,Marco Cuturi,,,,,,,,,
32,Vector-Derived Transformation Binding: An Improved Binding Operation for Deep Symbol-Like Processing in Neural Networks.,2019,Neural Computation,Jan Gosmann,Chris Eliasmith,,,,,,,,,,,
33,Inhibition and Excitation Shape Activity Selection: Effect of Oscillations in a Decision-Making Circuit.,2019,Neural Computation,Thomas Bose,Andreagiovanni Reina,James A. R. Marshall,,,,,,,,,,
34,Brain Morphometry Methods for Feature Extraction in Random Subspace Ensemble Neural Network Classification of First-Episode Schizophrenia.,2019,Neural Computation,Roman Vyskovsk,Daniel Schwarz,Tom¨¢s Kasp¨¢rek,,,,,,,,,,
35,Semisupervised Deep Stacking Network with Adaptive Learning Rate Strategy for Motor Imagery EEG Recognition.,2019,Neural Computation,Xian-Lun Tang,Wei-Chang Ma,De-Song Kong,Wei Li,,,,,,,,,
36,Multiple Timescale Online Learning Rules for Information Maximization with Energetic Constraints.,2019,Neural Computation,Peng Yi,ShiNung Ching,,,,,,,,,,,
37,Introducing User-Prescribed Constraints in Markov Chains for Nonlinear Dimensionality Reduction.,2019,Neural Computation,Purushottam D. Dixit,,,,,,,,,,,,
38,Sparse Associative Memory.,2019,Neural Computation,Heiko Hoffmann,,,,,,,,,,,,
39,Quantifying Information Conveyed by Large Neuronal Populations.,2019,Neural Computation,John A. Berkowitz,Tatyana O. Sharpee,,,,,,,,,,,
40,"Controlling Complexity of Cerebral Cortex Simulations - I: CxSystem, a Flexible Cortical Simulation Framework.",2019,Neural Computation,Vafa Andalibi,Henri Hokkanen,Simo Vanni,,,,,,,,,,
41,Controlling Complexity of Cerebral Cortex Simulations - II: Streamlined Microcircuits.,2019,Neural Computation,Henri Hokkanen,Vafa Andalibi,Simo Vanni,,,,,,,,,,
42,Decoding Movements from Cortical Ensemble Activity Using a Long Short-Term Memory Recurrent Network.,2019,Neural Computation,Po-He Tseng,N¨²ria Armengol Urpi,Mikhail A. Lebedev,Miguel A. L. Nicolelis,,,,,,,,,
43,Asynchronous Event-Based Motion Processing: From Visual Events to Probabilistic Sensory Representation.,2019,Neural Computation,Mina A. Khoei,Sio-Hoi Ieng,Ryad Benosman,,,,,,,,,,
44,A Geometrical Analysis of Global Stability in Trained Feedback Networks.,2019,Neural Computation,Francesca Mastrogiuseppe,Srdjan Ostojic,,,,,,,,,,,
45,Learning Moral Graphs in Construction of High-Dimensional Bayesian Networks for Mixed Data.,2019,Neural Computation,Suwa Xu,Bochao Jia,Faming Liang,,,,,,,,,,
46,Improving the Antinoise Ability of DNNs via a Bio-Inspired Noise Adaptive Activation Function Rand Softplus.,2019,Neural Computation,Yunhua Chen,Yingchao Mai,Jinsheng Xiao,Ling Zhang,,,,,,,,,
47,A Review of Recurrent Neural Networks: LSTM Cells and Network Architectures.,2019,Neural Computation,Yong Yu,Xiao-Sheng Si,Changhua Hu,Jianxun Zhang,,,,,,,,,
48,Characterizing Brain Connectivity From Human Electrocorticography Recordings With Unobserved Inputs During Epileptic Seizures.,2019,Neural Computation,Anup Das,Daniel Sexton,Claudia Lainscsek,Sydney S. Cash,Terrence J. Sejnowski,,,,,,,,
49,"Multi-Input, Multi-Output Neuronal Mode Network Approach to Modeling the Encoding Dynamics and Functional Connectivity of Neural Systems.",2019,Neural Computation,Kunling Geng,Dae C. Shin,Dong Song,Robert E. Hampson,Samuel A. Deadwyler,Theodore W. Berger,Vasilis Z. Marmarelis,,,,,,
50,Effective Dimensionality Reduction for Visualizing Neural Dynamics by Laplacian Eigenmaps.,2019,Neural Computation,Guanghao Sun,Shaomin Zhang,Y. Zhang,Kai Xu,Qiaosheng Zhang,Ting Zhao,Xiaoxiang Zheng,,,,,,
51,A Computational Perspective of the Role of the Thalamus in Cognition.,2019,Neural Computation,Nima Dehghani,Ralf D. Wimmer,,,,,,,,,,,
52,A Case of Near-Optimal Sensory Integration Based on Kohonen Self-Organizing Maps.,2019,Neural Computation,Lennart Gustafsson,,,,,,,,,,,,
53,A Reservoir Computing Model of Reward-Modulated Motor Learning and Automaticity.,2019,Neural Computation,Ryan Pyle,Robert Rosenbaum,,,,,,,,,,,
54,Effect of Depth and Width on Local Minima in Deep Learning.,2019,Neural Computation,Kenji Kawaguchi,Jiaoyang Huang,Leslie Pack Kaelbling,,,,,,,,,,
55,Matrix Product State-Based Quantum Classifier.,2019,Neural Computation,Amandeep Singh Bhatia,Mandeep Kaur Saggi,Ajay Kumar,Sushma Jain,,,,,,,,,
56,Dynamics of Learning in MLP: Natural Gradient and Singularity Revisited.,2018,Neural Computation,Shun-ichi Amari,Tomoko Ozeki,Ryo Karakida,Yuki Yoshida,Masato Okada,,,,,,,,
57,Balancing New against Old Information: The Role of Puzzlement Surprise in Learning.,2018,Neural Computation,Mohammad Javad Faraji,Kerstin Preuschoff,Wulfram Gerstner,,,,,,,,,,
58,Why Do Similarity Matching Objectives Lead to Hebbian/Anti-Hebbian Networks?,2018,Neural Computation,Cengiz Pehlevan,Anirvan M. Sengupta,Dmitri B. Chklovskii,,,,,,,,,,
59,Capturing Spike Variability in Noisy Izhikevich Neurons Using Point Process Generalized Linear Models.,2018,Neural Computation,Jacob stergaard,Mark A. Kramer,Uri T. Eden,,,,,,,,,,
60,Mechanism-Based and Input-Output Modeling of the Key Neuronal Connections and Signal Transformations in the CA3-CA1 Regions of the Hippocampus.,2018,Neural Computation,Kunling Geng,Dae C. Shin,Dong Song,Robert E. Hampson,Sam A. Deadwyler,Theodore W. Berger,Vasilis Z. Marmarelis,,,,,,
61,Improved Perceptual Learning by Control of Extracellular GABA Concentration by Astrocytic Gap Junctions.,2018,Neural Computation,Osamu Hoshino,Mei Hong Zheng,Kazuo Watanabe,,,,,,,,,,
62,Sequence Classification Using Third-Order Moments.,2018,Neural Computation,Rasmus Troelsgrd,Lars Kai Hansen,,,,,,,,,,,
63,Predictive Coding for Dynamic Visual Processing: Development of Functional Hierarchy in a Multiple Spatiotemporal Scales RNN Model.,2018,Neural Computation,Minkyu Choi,Jun Tani,,,,,,,,,,,
64,Temporal Causal Inference with Time Lag.,2018,Neural Computation,Sizhen Du,Guojie Song,Lei Han,Haikun Hong,,,,,,,,,
65,The Interaction between Semantic Representation and Episodic Memory.,2018,Neural Computation,Jing Fang,Naima R¨¹ther,Christian Bellebaum,Laurenz Wiskott,Sen Cheng,,,,,,,,
66,On Rhythms in Neuronal Networks with Recurrent Excitation.,2018,Neural Computation,Christoph Brgers,R. Melody Takeuchi,Daniel T. Rosebrock,,,,,,,,,,
67,Encoding Time in Feedforward Trajectories of a Recurrent Neural Network Model.,2018,Neural Computation,N. F. Hardy,Dean V. Buonomano,,,,,,,,,,,
68,"A Single, Continuously Applied Control Policy for Modeling Reaching Movements with and without Perturbation.",2018,Neural Computation,Zhe Li,Pietro Mazzoni,Sen Song,Ning Qian,,,,,,,,,
69,A Perceptual-Like Population-Coding Mechanism of Approximate Numerical Averaging.,2018,Neural Computation,Noam Brezis,Zohar Z. Bronfman,Marius Usher,,,,,,,,,,
70,Statistics of Visual Responses to Image Object Stimuli from Primate AIT Neurons to DNN Neurons.,2018,Neural Computation,Qiulei Dong,Hong Wang,Zhanyi Hu,,,,,,,,,,
71,Sufficient Dimension Reduction via Direct Estimation of the Gradients of Logarithmic Conditional Densities.,2018,Neural Computation,Hiroaki Sasaki,Voot Tangkaratt,Gang Niu,Masashi Sugiyama,,,,,,,,,
72,Rank-Optimized Logistic Matrix Regression toward Improved Matrix Data Classification.,2018,Neural Computation,Jianguang Zhang,Jianmin Jiang,,,,,,,,,,,
73,Joint Concept Correlation and Feature-Concept Relevance Learning for Multilabel Classification.,2018,Neural Computation,Xiaowei Zhao,Zhigang Ma,Zhi Li,Zhihui Li,,,,,,,,,
74,Feedforward Approximations to Dynamic Recurrent Network Architectures.,2018,Neural Computation,Dylan R. Muir,,,,,,,,,,,,
75,"Improving Spiking Dynamical Networks: Accurate Delays, Higher-Order Synapses, and Time Cells.",2018,Neural Computation,Aaron R. Voelker,Chris Eliasmith,,,,,,,,,,,
76,Imaging the Spatiotemporal Dynamics of Cognitive Processes at High Temporal Resolution.,2018,Neural Computation,I. Tal,M. Abeles,,,,,,,,,,,
77,Learning Midlevel Auditory Codes from Natural Sound Statistics.,2018,Neural Computation,Wiktor Mlynarski,Josh H. McDermott,,,,,,,,,,,
78,Identification of Linear and Nonlinear Sensory Processing Circuits from Spiking Neuron Data.,2018,Neural Computation,Dorian Florescu,Daniel Coca,,,,,,,,,,,
79,Indistinguishable Synapses Lead to Sparse Networks.,2018,Neural Computation,Joseph Snider,,,,,,,,,,,,
80,Spiking Neural Classifier with Lumped Dendritic Nonlinearity and Binary Synapses: A Current Mode VLSI Implementation and Analysis.,2018,Neural Computation,Aritra Bhaduri,Amitava Banerjee,Subhrajit Roy,Sougata Kar,Arindam Basu,,,,,,,,
81,From Winner-Takes-All to Winners-Share-All: Exploiting the Information Capacity in Temporal Codes.,2018,Neural Computation,Melika Payvand,Luke Theogarajan,,,,,,,,,,,
82,Quantifying Strength of Chaos in the Population Firing Rate of Neurons.,2018,Neural Computation,Takashi Kanamaru,,,,,,,,,,,,
83,Cross-Domain Metric and Multiple Kernel Learning Based on Information Theory.,2018,Neural Computation,Wei Wang,Hao Wang,Chen Zhang,Yang Gao,,,,,,,,,
84,Dynamic Neural Turing Machine with Continuous and Discrete Addressing Schemes.,2018,Neural Computation,aglar G¨¹lehre,Sarath Chandar,Kyunghyun Cho,Yoshua Bengio,,,,,,,,,
85,Information-Theoretic Bounds and Approximations in Neural Population Coding.,2018,Neural Computation,Wentao Huang,Kechen Zhang,,,,,,,,,,,
86,A Unifying Framework of Synaptic and Intrinsic Plasticity in Neural Populations.,2018,Neural Computation,Johannes Leugering,Gordon Pipa,,,,,,,,,,,
87,Robust Modulation of Integrate-and-Fire Models.,2018,Neural Computation,Tomas Van Pottelbergh,Guillaume Drion,Rodolphe Sepulchre,,,,,,,,,,
88,"Dethroning the Fano Factor: A Flexible, Model-Based Approach to Partitioning Neural Variability.",2018,Neural Computation,Adam S. Charles,Mijung Park,J. Patrick Weller,Gregory D. Horwitz,Jonathan W. Pillow,,,,,,,,
89,Estimating a Separably Markov Random Field from Binary Observations.,2018,Neural Computation,Yingzhuo Zhang,Noa Malem-Shinitski,Stephen A. Allsop,Kay Tye,Demba Ba,,,,,,,,
90,Adaptive Structure Concept Factorization for Multiview Clustering.,2018,Neural Computation,Kun Zhan,Jinhui Shi,Jing Wang,Haibo Wang,Yuange Xie,,,,,,,,
91,Muscle Synergy-Driven Robust Motion Control.,2018,Neural Computation,Kyuengbo Min,Masami Iwamoto,Shinji Kakei,Hideyuki Kimpara,,,,,,,,,
92,Coexistence of Stochastic Oscillations and Self-Organized Criticality in a Neuronal Network: Sandpile Model Application.,2018,Neural Computation,Alireza Saeedi,Mostafa Jannesari,Shahriar Gharibzadeh,Fatemeh Bakouie,,,,,,,,,
93,Slowness as a Proxy for Temporal Predictability: An Empirical Comparison.,2018,Neural Computation,Bjrn Weghenkel,Laurenz Wiskott,,,,,,,,,,,
94,Designing Patient-Specific Optimal Neurostimulation Patterns for Seizure Suppression.,2018,Neural Computation,Roman A. Sandler,Kunling Geng,Dong Song,Robert E. Hampson,Mark R. Witcher,Sam A. Deadwyler,Theodore W. Berger,Vasilis Z. Marmarelis,,,,,
95,Predictive Coding in Area V4: Dynamic Shape Discrimination under Partial Occlusion.,2018,Neural Computation,Hannah Choi,Anitha Pasupathy,Eric Shea-Brown,,,,,,,,,,
96,"Pattern Storage, Bifurcations, and Groupwise Correlation Structure of an Exactly Solvable Asymmetric Neural Network Model.",2018,Neural Computation,Diego Fasoli,Anna Cattani,Stefano Panzeri,,,,,,,,,,
97,An Interneuron Circuit Reproducing Essential Spectral Features of Field Potentials.,2018,Neural Computation,Reinoud Maex,,,,,,,,,,,,
98,Optimizing the Usability of Brain-Computer Interfaces.,2018,Neural Computation,Yin Zhang,Steven M. Chase,,,,,,,,,,,
99,Solving Constraint-Satisfaction Problems with Distributed Neocortical-Like Neuronal Networks.,2018,Neural Computation,Ueli Rutishauser,Jean-Jacques E. Slotine,Rodney J. Douglas,,,,,,,,,,
100,A Kernel Embedding-Based Approach for Nonstationary Causal Model Inference.,2018,Neural Computation,Shoubo Hu,Zhitang Chen,Laiwan Chan,,,,,,,,,,
101,Deep Semisupervised Zero-Shot Learning with Maximum Mean Discrepancy.,2018,Neural Computation,Lingling Zhang,Jun Liu,Minnan Luo,Xiaojun Chang,Qinghua Zheng,,,,,,,,
102,A Theory of Sequence Indexing and Working Memory in Recurrent Neural Networks.,2018,Neural Computation,Edward Paxon Frady,Denis Kleyko,Friedrich T. Sommer,,,,,,,,,,
103,SuperSpike: Supervised Learning in Multilayer Spiking Neural Networks.,2018,Neural Computation,Friedemann Zenke,Surya Ganguli,,,,,,,,,,,
104,A Learning Framework for Winner-Take-All Networks with Stochastic Synapses.,2018,Neural Computation,Hesham Mostafa,Gert Cauwenberghs,,,,,,,,,,,
105,Optimal Readout of Correlated Neural Activity in a Decision-Making Circuit.,2018,Neural Computation,Matias Calderini,Sophie Zhang,Nareg Berberian,Jean-Philippe Thivierge,,,,,,,,,
106,Novel Perceptually Uniform Chromatic Space.,2018,Neural Computation,Mar¨ªa da Fonseca,In¨¦s Samengo,,,,,,,,,,,
107,Robust MST-Based Clustering Algorithm.,2018,Neural Computation,Qi-dong Liu,Ruisheng Zhang,Zhili Zhao,Zhenghai Wang,Mengyao Jiao,Guangjing Wang,,,,,,,
108,Facet Annotation by Extending CNN with a Matching Strategy.,2018,Neural Computation,Bei Wu,Bifan Wei,Jun Liu,Zhaotong Guo,Yuanhao Zheng,Yihe Chen,,,,,,,
109,Distributed Newton Methods for Deep Neural Networks.,2018,Neural Computation,Chien-Chih Wang,Kent Loong Tan,Chun-Ting Chen,Yu-Hsiang Lin,S. Sathiya Keerthi,Dhruv Mahajan,S. Sundararajan,Chih-Jen Lin,,,,,
110,Joint Estimation of Effective Brain Wave Activation Modes Using EEG/MEG Sensor Arrays and Multimodal MRI Volumes.,2018,Neural Computation,Vitaly L. Galinsky,Antigona Martinez,Martin P. Paulus,Lawrence R. Frank,,,,,,,,,
111,t-SNE Visualization of Large-Scale Neural Recordings.,2018,Neural Computation,George Dimitriadis,Joana P. Neto,Adam R. Kampff,,,,,,,,,,
112,Fully Convolutional Network-Based Multifocus Image Fusion.,2018,Neural Computation,Xiaopeng Guo,Rencan Nie,Jinde Cao,Dongming Zhou,Wenhua Qian,,,,,,,,
113,A Computational Account of the Role of Cochlear Nucleus and Inferior Colliculus in Stabilizing Auditory Nerve Firing for Auditory Category Learning.,2018,Neural Computation,Irina Higgins,Simon M. Stringer,Jan W. H. Schnupp,,,,,,,,,,
114,None,2018,Neural Computation,Alan Paris,Azadeh Vosoughi,Stephen A. Berman,George K. Atia,,,,,,,,,
115,Bias Reduction and Metric Learning for Nearest-Neighbor Estimation of Kullback-Leibler Divergence.,2018,Neural Computation,Yung-Kyun Noh,Masashi Sugiyama,Song Liu,Marthinus Christoffel du Plessis,Frank Chongwoo Park,Daniel D. Lee,,,,,,,
116,A Dynamic Neural Gradient Model of Two-Item and Intermediate Transposition.,2018,Neural Computation,Gavin W. Jenkins,Paul F. Tupper,,,,,,,,,,,
117,A Reinforcement Learning Neural Network for Robotic Manipulator Control.,2018,Neural Computation,Yazhou Hu,Bailu Si,,,,,,,,,,,
118,Why Does Large Batch Training Result in Poor Generalization? A Comprehensive Explanation and a Better Strategy from the Viewpoint of Stochastic Optimization.,2018,Neural Computation,Tomoumi Takase,Satoshi Oyama,Masahito Kurihara,,,,,,,,,,
119,Machine Learning: Deepest Learning as Statistical Data Assimilation Problems.,2018,Neural Computation,Henry D. I. Abarbanel,Paul Rozdeba,Sasha Shirman,,,,,,,,,,
120,Optimal Decoding of Dynamic Stimuli by Heterogeneous Populations of Spiking Neurons: A Closed-Form Approximation.,2018,Neural Computation,Yuval Harel,Ron Meir,Manfred Opper,,,,,,,,,,
121,Neural Simpletrons: Learning in the Limit of Few Labels with Directed Generative Networks.,2018,Neural Computation,Dennis Forster,Abdul-Saboor Sheikh,Jrg L¨¹cke,,,,,,,,,,
122,Methods for Assessment of Memory Reactivation.,2018,Neural Computation,Shizhao Liu,Andres D. Grosmark,Zhe Chen,,,,,,,,,,
123,Evidence of Rentian Scaling of Functional Modules in Diverse Biological Networks.,2018,Neural Computation,Javier J. How,Saket Navlakha,,,,,,,,,,,
124,A Comparative Study of Pairwise Learning Methods Based on Kernel Ridge Regression.,2018,Neural Computation,Michiel Stock,Tapio Pahikkala,Antti Airola,Bernard De Baets,Willem Waegeman,,,,,,,,
125,Confounder Detection in High-Dimensional Linear Models Using First Moments of Spectral Measures.,2018,Neural Computation,Furui Liu,Laiwan Chan,,,,,,,,,,,
126,The Discrete and Continuous Brain: From Decisions to Movement - And Back Again.,2018,Neural Computation,Thomas Parr,Karl J. Friston,,,,,,,,,,,
127,A New Foreperiod Effect on Intertrial Phase Coherence. Part I: Existence and Behavioral Relevance.,2018,Neural Computation,Joaquin Rapela,Marissa Westerfield,Jeanne Townsend,,,,,,,,,,
128,Spiking Elementary Motion Detector in Neuromorphic Systems.,2018,Neural Computation,Moritz B. Milde,Olivier J. N. Bertrand,Harshawardhan Ramachandran,Martin Egelhaaf,Elisabetta Chicca,,,,,,,,
129,A Basic Phase Diagram of Neuronal Dynamics.,2018,Neural Computation,Wenyuan Li,Igor V. Ovchinnikov,Honglin Chen,Zhe Wang,Albert Lee,Houchul Lee,Carlos Cepeda,Robert N. Schwartz,Karlheinz Meier,Kang L. Wang,,,
130,A Computationally Efficient Visual Saliency Algorithm Suitable for an Analog CMOS Implementation.,2018,Neural Computation,Robert D'Angelo,Richard Wood,Nathan Lowry,Geremy Freifeld,Haiyao Huang,Christopher D. Salthouse,Brent Hollosi,Matthew Muresan,Wes Uy,Nhut Tran,Armand Chery,Dorothy C. Poppe,Sameer Sonkusale
131,ASIC Implementation of a Nonlinear Dynamical Model for Hippocampal Prosthesis.,2018,Neural Computation,Zhitong Qiao,Yan Han,Xiaoxia Han,Han Xu,Will X. Y. Li,Dong Song,Theodore W. Berger,Ray C. C. Cheung,,,,,
132,A Locally Optimal Algorithm for Estimating a Generating Partition from an Observed Time Series and Its Application to Anomaly Detection.,2018,Neural Computation,Najah F. Ghalyan,David J. Miller,Asok Ray,,,,,,,,,,
133,"Active Inference, Belief Propagation, and the Bethe Approximation.",2018,Neural Computation,Sarah Schwbel,Stefan J. Kiebel,Dimitrije Markovic,,,,,,,,,,
134,An Empirical Evaluation of Rule Extraction from Recurrent Neural Networks.,2018,Neural Computation,Qinglong Wang,Kaixuan Zhang,Alexander G. Ororbia II,Xinyu Xing,Xue Liu,C. Lee Giles,,,,,,,
135,Learning Data Manifolds with a Cutting Plane Method.,2018,Neural Computation,SueYeon Chung,Uri Cohen,Haim Sompolinsky,Daniel D. Lee,,,,,,,,,
136,Recognition Dynamics in the Brain under the Free Energy Principle.,2018,Neural Computation,Chang Sub Kim,,,,,,,,,,,,
137,Computing with Spikes: The Advantage of Fine-Grained Timing.,2018,Neural Computation,Stephen J. Verzi,Fredrick H. Rothganger,Ojas Parekh,Tu-Thach Quach,Nadine E. Miner,Craig M. Vineyard,Conrad D. James,James B. Aimone,,,,,
138,Hexagonal Grid Fields Optimally Encode Transitions in Spatiotemporal Sequences.,2018,Neural Computation,Nicolai Waniek,,,,,,,,,,,,
139,CosMIC: A Consistent Metric for Spike Inference from Calcium Imaging.,2018,Neural Computation,Stephanie Reynolds,Therese Abrahamsson,Per Jesper Sjstrm,Simon R. Schultz,Pier Luigi Dragotti,,,,,,,,
140,Autoregressive Point Processes as Latent State-Space Models: A Moment-Closure Approach to Fluctuations and Autocorrelations.,2018,Neural Computation,Michael Rule,Guido Sanguinetti,,,,,,,,,,,
141,Multiclass Classification and Feature Selection Based on Least Squares Regression with Large Margin.,2018,Neural Computation,Haifeng Zhao,Siqi Wang,Zheng Wang,,,,,,,,,,
142,Adaptive Learning Algorithm Convergence in Passive and Reactive Environments.,2018,Neural Computation,Richard M. Golden,,,,,,,,,,,,
143,Improving Stock Closing Price Prediction Using Recurrent Neural Network and Technical Indicators.,2018,Neural Computation,Tingwei Gao,Yueting Chai,,,,,,,,,,,
144,Applications of Recurrent Neural Networks in Environmental Factor Forecasting: A Review.,2018,Neural Computation,Yingyi Chen,Qianqian Cheng,Yanjun Cheng,Hao Yang,HuiHui Yu,,,,,,,,
145,Diplomats' Mystery Illness and Pulsed Radiofrequency/Microwave Radiation.,2018,Neural Computation,Beatrice A. Golomb,,,,,,,,,,,,
146,Robust Closed-Loop Control of a Cursor in a Person with Tetraplegia using Gaussian Process Regression.,2018,Neural Computation,David M. Brandman,Michael C. Burkhart,Jessica N. Kelemen,Brian Franco,Matthew T. Harrison,Leigh R. Hochberg,,,,,,,
147,A Simple Model for Low Variability in Neural Spike Trains.,2018,Neural Computation,Ulisse Ferrari,St¨¦phane Deny,Olivier Marre,Thierry Mora,,,,,,,,,
148,"Circuit Polarity Effect of Cortical Connectivity, Activity, and Memory.",2018,Neural Computation,Yoram Baram,,,,,,,,,,,,
149,Adaptive Gaussian Process Approximation for Bayesian Inference with Expensive Likelihood Functions.,2018,Neural Computation,Hongqiao Wang,Jinglai Li,,,,,,,,,,,
150,Convex Coupled Matrix and Tensor Completion.,2018,Neural Computation,Kishan Wimalawarne,Makoto Yamada,Hiroshi Mamitsuka,,,,,,,,,,
151,Cross-Entropy Pruning for Compressing Convolutional Neural Networks.,2018,Neural Computation,Rongxin Bao,Xu Yuan,Zhikui Chen,Ruixin Ma,,,,,,,,,
152,Dense Associative Memory Is Robust to Adversarial Inputs.,2018,Neural Computation,Dmitry Krotov,John J. Hopfield,,,,,,,,,,,
153,Unconscious Biases in Neural Populations Coding Multiple Stimuli.,2018,Neural Computation,Sander W. Keemink,Dharmesh Tailor,Mark C. W. van Rossum,,,,,,,,,,
154,Nonlinear Modeling of Neural Interaction for Spike Prediction Using the Staged Point-Process Model.,2018,Neural Computation,Cunle Qian,Xuyun Sun,Shaomin Zhang,Dong Xing,Hongbao Li,Xiaoxiang Zheng,Gang Pan,Yiwen Wang,,,,,
155,Omitted Variable Bias in GLMs of Neural Spiking Activity.,2018,Neural Computation,Ian H. Stevenson,,,,,,,,,,,,
156,Tensor Representation of Topographically Organized Semantic Spaces.,2018,Neural Computation,Andr¨¦s Pomi,Eduardo Mizraji,Juan Lin,,,,,,,,,,
157,Multi-Instance Dimensionality Reduction via Sparsity and Orthogonality.,2018,Neural Computation,Hong Zhu,Li-Zhi Liao,Michael K. Ng,,,,,,,,,,
158,Use of a Deep Belief Network for Small High-Level Abstraction Data Sets Using Artificial Intelligence with Rule Extraction.,2018,Neural Computation,Yoichi Hayashi,,,,,,,,,,,,
159,Limitations of Proposed Signatures of Bayesian Confidence.,2018,Neural Computation,William T. Adler,Wei Ji Ma,,,,,,,,,,,
160,Bayesian Modeling of Motion Perception Using Dynamical Stochastic Textures.,2018,Neural Computation,Jonathan Vacher,Andrew Isaac Meso,Laurent U. Perrinet,Gabriel Peyr¨¦,,,,,,,,,
161,Active Inference: A Process Theory.,2017,Neural Computation,Karl John Friston,Thomas H. B. FitzGerald,Francesco Rigoli,Philipp Schwartenbeck,Giovanni Pezzulo,,,,,,,,
162,"The Population Tracking Model: A Simple, Scalable Statistical Model for Neural Population Data.",2017,Neural Computation,Cian O'Donnell,J. Tiago Gonalves,Nick Whiteley,Carlos Portera-Cailliau,Terrence J. Sejnowski,,,,,,,,
163,A Combinatorial Model for Dentate Gyrus Sparse Coding.,2017,Neural Computation,William Severa,Ojas Parekh,Conrad D. James,James B. Aimone,,,,,,,,,
164,Analytical Calculation of Mutual Information between Weakly Coupled Poisson-Spiking Neurons in Models of Dynamically Gated Communication.,2017,Neural Computation,Jonathan Cannon,,,,,,,,,,,,
165,On the Mathematical Consequences of Binning Spike Trains.,2017,Neural Computation,Bruno Cessac,Arnaud Le Ny,Eva Lcherbach,,,,,,,,,,
166,Orientation Histogram-Based Center-Surround Interaction: An Integration Approach for Contour Detection.,2017,Neural Computation,Rongchang Zhao,Min Wu,Xiyao Liu,Beiji Zou,Fangfang Li,,,,,,,,
167,"Fast, Accurate Localization of Epileptic Seizure Onset Zones Based on Detection of High-Frequency Oscillations Using Improved Wavelet Transform and Matching Pursuit Methods.",2017,Neural Computation,Min Wu,Ting Wan,Xiongbo Wan,Yu-xiao Du,Jinhua She,,,,,,,,
168,Online Reinforcement Learning Using a Probability Density Estimation.,2017,Neural Computation,Alejandro Agostini,Enric Celaya,,,,,,,,,,,
169,LSV-Based Tail Inequalities for Sums of Random Matrices.,2017,Neural Computation,Chao Zhang,Lei Du,Dacheng Tao,,,,,,,,,,
170,Improving the Incoherence of a Learned Dictionary via Rank Shrinkage.,2017,Neural Computation,Shashanka Ubaru,Abd-Krim Seghouane,Yousef Saad,,,,,,,,,,
171,Learning the Structural Vocabulary of a Network.,2017,Neural Computation,Saket Navlakha,,,,,,,,,,,,
172,Comparison of Different Generalizations of Clustering Coefficient and Local Efficiency for Weighted Undirected Graphs.,2017,Neural Computation,Yu Wang,Eshwar Ghumare,Rik Vandenberghe,Patrick Dupont,,,,,,,,,
173,Time Series Decomposition into Oscillation Components and Phase Estimation.,2017,Neural Computation,Takeru Matsuda,Fumiyasu Komaki,,,,,,,,,,,
174,Neural Circuits Trained with Standard Reinforcement Learning Can Accumulate Probabilistic Information during Decision Making.,2017,Neural Computation,Nils Kurzawa,Christopher Summerfield,Rafal Bogacz,,,,,,,,,,
175,Local and Global Gestalt Laws: A Neurally Based Spectral Approach.,2017,Neural Computation,Marta Favali,Giovanna Citti,Alessandro Sarti,,,,,,,,,,
176,Multistability of Delayed Recurrent Neural Networks with Mexican Hat Activation Functions.,2017,Neural Computation,Peng Liu,Zhigang Zeng,Jun Wang,,,,,,,,,,
177,Exponentially Long Orbits in Hopfield Neural Networks.,2017,Neural Computation,Samuel P. Muscinelli,Wulfram Gerstner,Johanni Brea,,,,,,,,,,
178,Controllability Analysis of the Neural Mass Model with Dynamic Parameters.,2017,Neural Computation,Xian Liu,Jing Gao,Guan Wang,Zhi-Wang Chen,,,,,,,,,
179,Energy Model of Neuron Activation.,2017,Neural Computation,Yuriy Romanyshyn,Andriy Smerdov,Svitlana Petrytska,,,,,,,,,,
180,None,2017,Neural Computation,Ruibo Wang,Yu Wang,Jihong Li,Xingli Yang,Jing Yang,,,,,,,,
181,STDP-Compatible Approximation of Backpropagation in an Energy-Based Model.,2017,Neural Computation,Yoshua Bengio,Thomas Mesnard,Asja Fischer,Saizheng Zhang,Yuhuai Wu,,,,,,,,
182,Deep Learning with Dynamic Spiking Neurons and Fixed Feedback Weights.,2017,Neural Computation,Arash Samadi,Timothy P. Lillicrap,Douglas B. Tweed,,,,,,,,,,
183,Interpretation of the Precision Matrix and Its Application in Estimating Sparse Brain Connectivity during Sleep Spindles from Human Electrocorticography Recordings.,2017,Neural Computation,Anup Das,Aaron L. Sampson,Claudia Lainscsek,Lyle Muller,Wutu Lin,John C. Doyle,Sydney S. Cash,Eric Halgren,Terrence J. Sejnowski,,,,
184,Selective Interareal Synchronization through Gamma Frequency Differences and Slower-Rhythm Gamma Phase Reset.,2017,Neural Computation,Thomas Burwick,Alexandros Bouras,,,,,,,,,,,
185,Effects of Small-World Rewiring Probability and Noisy Synaptic Conductivity on Slow Waves: Cortical Network.,2017,Neural Computation,Ramazan Tekin,Mehmet Emin Tagluk,,,,,,,,,,,
186,On Decoding Grid Cell Population Codes Using Approximate Belief Propagation.,2017,Neural Computation,Yongseok Yoo,Woori Kim,,,,,,,,,,,
187,Multisensory Bayesian Inference Depends on Synapse Maturation during Training: Theoretical Analysis and Neural Modeling Implementation.,2017,Neural Computation,Mauro Ursino,Cristiano Cuppini,Elisa Magosso,,,,,,,,,,
188,Spike-Centered Jitter Can Mistake Temporal Structure.,2017,Neural Computation,Jonathan Platkiewicz,Eran Stark,Asohan Amarasingham,,,,,,,,,,
189,Multiple Diffusion Models to Compare Saccadic and Manual Responses for Inhibition of Return.,2017,Neural Computation,W. Joseph MacInnes,,,,,,,,,,,,
190,Analysis of Online Composite Mirror Descent Algorithm.,2017,Neural Computation,Yunwen Lei,Ding-Xuan Zhou,,,,,,,,,,,
191,Solving Nonlinearly Separable Classifications in a Single-Layer Neural Network.,2017,Neural Computation,Nolan Conaway,Kenneth J. Kurtz,,,,,,,,,,,
192,Unifying Adversarial Training Algorithms with Data Gradient Regularization.,2017,Neural Computation,Alexander G. Ororbia II,Daniel Kifer,C. Lee Giles,,,,,,,,,,
193,Information Maximization Explains the Sparseness of Presynaptic Neural Response.,2017,Neural Computation,Minjoon Kouh,,,,,,,,,,,,
194,On the Dynamical Interplay of Positive and Negative Affects.,2017,Neural Computation,Jonathan Touboul,Alberto Romagnoni,Robert Schwartz,,,,,,,,,,
195,Evolving Network Model That Almost Regenerates Epileptic Data.,2017,Neural Computation,G. Manjunath,,,,,,,,,,,,
196,Multiway Array Decomposition of EEG Spectrum: Implications of Its Stability for the Exploration of Large-Scale Brain Networks.,2017,Neural Computation,Radek Marecek,Martin Lamos,Ren¨¦ Labounek,Marek Barton,Tom¨¢s Slav¨ªcek,Michal Mikl,Ivan Rektor,Milan Br¨¢zdil,,,,,
197,Maximum Pseudolikelihood Estimation for Model-Based Clustering of Time Series Data.,2017,Neural Computation,Hien Duy Nguyen,Geoffrey J. McLachlan,Pierre Orban,Pierre Bellec,Andrew L. Janke,,,,,,,,
198,"An in Silico, Biomarker-Based Method for the Evaluation of Virtual Neuropsychiatric Drug Effects.",2017,Neural Computation,Peter J. Siekmeier,,,,,,,,,,,,
199,"Semisupervised, Multilabel, Multi-Instance Learning for Structured Data.",2017,Neural Computation,Hossein Soleimani,David J. Miller,,,,,,,,,,,
200,Parameter Estimation of Nonlinear Systems by Dynamic Cuckoo Search.,2017,Neural Computation,Qixiang Liao,Shudao Zhou,Hanqing Shi,Weilai Shi,,,,,,,,,
201,None,2017,Neural Computation,Minnan Luo,Feiping Nie,Xiaojun Chang,Yi Yang,Alexander G. Hauptmann,Qinghua Zheng,,,,,,,
202,Parameter Identifiability in Statistical Machine Learning: A Review.,2017,Neural Computation,Zhi-Yong Ran,Bao-Gang Hu,,,,,,,,,,,
203,Using Inspiration from Synaptic Plasticity Rules to Optimize Traffic Flow in Distributed Engineered Networks.,2017,Neural Computation,Jonathan Y. Suen,Saket Navlakha,,,,,,,,,,,
204,An Approximation of the Error Backpropagation Algorithm in a Predictive Coding Network with Local Hebbian Synaptic Plasticity.,2017,Neural Computation,James C. R. Whittington,Rafal Bogacz,,,,,,,,,,,
205,Modulation of Context-Dependent Spatiotemporal Patterns within Packets of Spiking Activity.,2017,Neural Computation,Miho Itoh,Timoth¨¦e G. Leleu,,,,,,,,,,,
206,Variational Latent Gaussian Process for Recovering Single-Trial Dynamics from Population Spike Trains.,2017,Neural Computation,Yuan Zhao,Il Memming Park,,,,,,,,,,,
207,Fast Estimation of Approximate Matrix Ranks Using Spectral Densities.,2017,Neural Computation,Shashanka Ubaru,Yousef Saad,Abd-Krim Seghouane,,,,,,,,,,
208,Unsupervised 2D Dimensionality Reduction with Adaptive Structure Learning.,2017,Neural Computation,Xiaowei Zhao,Feiping Nie,Sen Wang,Jun Guo,Pengfei Xu,Xiaojiang Chen,,,,,,,
209,Multiassociative Memory: Recurrent Synapses Increase Storage Capacity.,2017,Neural Computation,Marcelo Matheus Gauy,Florian Meier,Angelika Steger,,,,,,,,,,
210,DC Algorithm for Extended Robust Support Vector Machine.,2017,Neural Computation,Shuhei Fujiwara,Akiko Takeda,Takafumi Kanamori,,,,,,,,,,
211,Erratum to "A Note on Divergences".,2017,Neural Computation,Xiao Liang,,,,,,,,,,,,
212,A Unified Theory of Neuro-MRI Data Shows Scale-Free Nature of Connectivity Modes.,2017,Neural Computation,Vitaly L. Galinsky,Lawrence R. Frank,,,,,,,,,,,
213,Mean First Passage Memory Lifetimes by Reducing Complex Synapses to Simple Synapses.,2017,Neural Computation,Terry Elliott,,,,,,,,,,,,
214,Information Rate Analysis of a Synaptic Release Site Using a Two-State Model of Short-Term Depression.,2017,Neural Computation,Mehrdad Salmasi,Martin Stemmler,Stefan Glasauer,Alex Loebel,,,,,,,,,
215,Evidence Accumulation and Change Rate Inference in Dynamic Environments.,2017,Neural Computation,Adrian E. Radillo,Alan Veliz-Cuba,Kresimir Josic,Zachary P. Kilpatrick,,,,,,,,,
216,The Deterministic Information Bottleneck.,2017,Neural Computation,DJ Strouse,David J. Schwab,,,,,,,,,,,
217,Robust Averaging of Covariances for EEG Recordings Classification in Motor Imagery Brain-Computer Interfaces.,2017,Neural Computation,Takashi Uehara,Matteo Sartori,Toshihisa Tanaka,Simone G. O. Fiori,,,,,,,,,
218,Olfactory Recognition Based on EEG Gamma-Band Activity.,2017,Neural Computation,Onder Aydemir,,,,,,,,,,,,
219,Nested-Clique Network Model of Neural Associative Memory.,2017,Neural Computation,Asieh Abolpour Mofrad,Matthew G. Parker,,,,,,,,,,,
220,Chaotic Pattern Alternations Can Reproduce Properties of Dominance Durations in Multistable Perception.,2017,Neural Computation,Takashi Kanamaru,,,,,,,,,,,,
221,Lag Synchronization Criteria for Memristor-Based Coupled Neural Networks via Parameter Mismatches Analysis Approach.,2017,Neural Computation,Ning Li,Jinde Cao,Ahmed Alsaedi,Fuad E. Alsaadi,,,,,,,,,
222,None,2017,Neural Computation,Paolo Puggioni,Marta Jelitai,Ian Duguid,Mark C. W. van Rossum,,,,,,,,,
223,Effect of Phase Response Curve Shape and Synaptic Driving Force on Synchronization of Coupled Neuronal Oscillators.,2017,Neural Computation,Ramana Dodla,Charles J. Wilson,,,,,,,,,,,
224,Determination of the Lowest-Energy States for the Model Distribution of Trained Restricted Boltzmann Machines Using a 1000 Qubit D-Wave 2X Quantum Computer.,2017,Neural Computation,Yaroslav Koshka,Dilina Perera,Spencer Hall,M. A. Novotny,,,,,,,,,
225,Local Intrinsic Dimension Estimation by Generalized Linear Modeling.,2017,Neural Computation,Hideitsu Hino,Jun Fujiki,Shotaro Akaho,Noboru Murata,,,,,,,,,
226,Generalization Analysis of Fredholm Kernel Regularized Classifiers.,2017,Neural Computation,Tieliang Gong,Zongben Xu,Hong Chen,,,,,,,,,,
227,A Weight-Adaptive Laplacian Embedding for Graph-Based Clustering.,2017,Neural Computation,De Cheng,Feiping Nie,Jiande Sun,Yihong Gong,,,,,,,,,
228,Support Vector Algorithms for Optimizing the Partial Area under the ROC Curve.,2017,Neural Computation,Harikrishna Narasimhan,Shivani Agarwal,,,,,,,,,,,
229,A Customized Attention-Based Long Short-Term Memory Network for Distant Supervised Relation Extraction.,2017,Neural Computation,Dengchao He,Hongjun Zhang,Wenning Hao,Rui Zhang,Kai Cheng,,,,,,,,
230,Multiview Feature Analysis via Structured Sparsity and Shared Subspace Discovery.,2017,Neural Computation,Yan-shuo Chang,Feiping Nie,Ming-Yu Wang,,,,,,,,,,
231,Analytical Derivation of Nonlinear Spectral Effects and 1/f Scaling Artifact in Signal Processing of Real-World Data.,2017,Neural Computation,Claudia Lainscsek,Lyle E. Muller,Aaron L. Sampson,Terrence J. Sejnowski,,,,,,,,,
232,Population Vectors Can Provide Near Optimal Integration of Information.,2017,Neural Computation,Josue Orellana,Jordan Rodu,Robert E. Kass,,,,,,,,,,
233,Predicting the Existence and Stability of Phase-Locked Mode in Neural Networks Using Generalized Phase-Resetting Curve.,2017,Neural Computation,Sorinel A. Oprisan,,,,,,,,,,,,
234,Multivariate Time Series Decomposition into Oscillation Components.,2017,Neural Computation,Takeru Matsuda,Fumiyasu Komaki,,,,,,,,,,,
235,Direct Estimation of the Derivative of Quadratic Mutual Information with Application in Supervised Dimension Reduction.,2017,Neural Computation,Voot Tangkaratt,Hiroaki Sasaki,Masashi Sugiyama,,,,,,,,,,
236,Deep Restricted Kernel Machines Using Conjugate Feature Duality.,2017,Neural Computation,Johan A. K. Suykens,,,,,,,,,,,,
237,Rank Selection in Nonnegative Matrix Factorization using Minimum Description Length.,2017,Neural Computation,Steven Squires,Adam Pr¨¹gel-Bennett,Mahesan Niranjan,,,,,,,,,,
238,GP-Select: Accelerating EM Using Adaptive Subspace Preselection.,2017,Neural Computation,Jacquelyn A. Shelton,Jan Gasthaus,Zhenwen Dai,Jrg L¨¹cke,Arthur Gretton,,,,,,,,
239,LQG Online Learning.,2017,Neural Computation,Giorgio Gnecco,Alberto Bemporad,Marco Gori,Marcello Sanguineti,,,,,,,,,
240,Sensory Metrics of Neuromechanical Trust.,2017,Neural Computation,William Softky,Criscillia Benford,,,,,,,,,,,
241,Deep Convolutional Neural Networks for Image Classification: A Comprehensive Review.,2017,Neural Computation,Waseem Rawat,Zenghui Wang,,,,,,,,,,,
242,Implementing a Bayes Filter in a Neural Circuit: The Case of Unknown Stimulus Dynamics.,2017,Neural Computation,Sacha Sokoloski,,,,,,,,,,,,
243,Cortical Spike Synchrony as a Measure of Input Familiarity.,2017,Neural Computation,Clemens Korndrfer,Ekkehard Ullner,Jordi Garc¨ªa-Ojalvo,Gordon Pipa,,,,,,,,,
244,Dendrites Enable a Robust Mechanism for Neuronal Stimulus Selectivity.,2017,Neural Computation,Romain D. Caz¨¦,Sarah Jarvis,Amanda J. Foust,Simon R. Schultz,,,,,,,,,
245,"Recurrent Information Optimization with Local, Metaplastic Synaptic Dynamics.",2017,Neural Computation,Sensen Liu,ShiNung Ching,,,,,,,,,,,
246,Nonnegative Matrix Factorization with Rank Regularization and Hard Constraint.,2017,Neural Computation,Ronghua Shang,Chiyang Liu,Yang Meng,Licheng Jiao,Rustam Stolkin,,,,,,,,
247,Differential Covariance: A New Class of Methods to Estimate Sparse Connectivity from Neural Recordings.,2017,Neural Computation,Tiger W. Lin,Anup Das,Giri P. Krishnan,Maxim Bazhenov,Terrence J. Sejnowski,,,,,,,,
248,"Active Inference, Curiosity and Insight.",2017,Neural Computation,Karl J. Friston,Marco Lin,Christopher D. Frith,Giovanni Pezzulo,J. Allan Hobson,Sasha Ondobaka,,,,,,,
249,Memory States and Transitions between Them in Attractor Neural Networks.,2017,Neural Computation,Stefano Recanatesi,Mikhail Katkov,Misha Tsodyks,,,,,,,,,,
250,Infinite von Mises-Fisher Mixture Modeling of Whole Brain fMRI Data.,2017,Neural Computation,Rasmus Erbou Roge,Kristoffer Hougaard Madsen,Mikkel N. Schmidt,Morten Mrup,,,,,,,,,
251,Toward an Open-Ended BCI: A User-Centered Coadaptive Design.,2017,Neural Computation,Kiret Dhindsa,Dean Carcone,Suzanna Becker,,,,,,,,,,
252,The Two-Dimensional Gabor Function Adapted to Natural Image Statistics: A Model of Simple-Cell Receptive Fields and Sparse Structure in Images.,2017,Neural Computation,Peter N. Loxley,,,,,,,,,,,,
253,Nonconvex Policy Search Using Variational Inequalities.,2017,Neural Computation,Yusen Zhan,Haitham Bou-Ammar,Matthew E. Taylor,,,,,,,,,,
254,Constrained ERM Learning of Canonical Correlation Analysis: A Least Squares Perspective.,2017,Neural Computation,Jia Cai,Hongwei Sun,,,,,,,,,,,
255,Rat Prefrontal Cortex Inactivations during Decision Making Are Explained by Bistable Attractor Dynamics.,2017,Neural Computation,Alex T. Piet,Jeffrey C. Erlich,Charles D. Kopec,Carlos D. Brody,,,,,,,,,
256,Simultaneous Estimation of Nongaussian Components and Their Correlation Structure.,2017,Neural Computation,Hiroaki Sasaki,Michael Gutmann,Hayaru Shouno,Aapo Hyvrinen,,,,,,,,,
257,Blind Nonnegative Source Separation Using Biological Neural Networks.,2017,Neural Computation,Cengiz Pehlevan,Sreyas Mohan,Dmitri B. Chklovskii,,,,,,,,,,
258,Effect of Morphologic Features of Neurons on the Extracellular Electric Potential: A Simulation Study Using Cable Theory and Electro-Quasi-Static Equations.,2017,Neural Computation,R. Bestel,Revathi Appali,Ursula van Rienen,C. Thielemann,,,,,,,,,
259,Discrete Sparse Coding.,2017,Neural Computation,Georgios Exarchakis,Jrg L¨¹cke,,,,,,,,,,,
260,A Robust Regression Framework with Laplace Kernel-Induced Loss.,2017,Neural Computation,Liming Yang,Zhuo Ren,Yidan Wang,Hongwei Dong,,,,,,,,,
261,Sparse Covariance Matrix Estimation by DCA-Based Algorithms.,2017,Neural Computation,Phan Duy Nhat,Hoai An Le Thi,Tao Pham Dinh,,,,,,,,,,
262,Margin Error Bounds for Support Vector Machines on Reproducing Kernel Banach Spaces.,2017,Neural Computation,Liangzhi Chen,Haizhang Zhang,,,,,,,,,,,
263,None,2017,Neural Computation,Jie Yang,Yan Ma,Xiangfen Zhang,Shunbao Li,Yuping Zhang,,,,,,,,
264,Noise-Robust Modes of the Retinal Population Code Have the Geometry of "Ridges" and Correspond to Neuronal Communities.,2017,Neural Computation,Adrianna Loback,Jason S. Prentice,Mark L. Ioffe,Michael J. Berry II,,,,,,,,,
265,Delay Differential Analysis of Seizures in Multichannel Electrocorticography Data.,2017,Neural Computation,Claudia Lainscsek,Jonathan Weyhenmeyer,Sydney S. Cash,Terrence J. Sejnowski,,,,,,,,,
266,"First Passage Time Memory Lifetimes for Simple, Multistate Synapses.",2017,Neural Computation,Terry Elliott,,,,,,,,,,,,
267,Capturing the Dynamical Repertoire of Single Neurons with Generalized Linear Models.,2017,Neural Computation,Alison I. Weber,Jonathan W. Pillow,,,,,,,,,,,
268,Neural Decoding: A Predictive Viewpoint.,2017,Neural Computation,Sonia Todorova,Val¨¦rie Ventura,,,,,,,,,,,
269,"Dopamine, Inference, and Uncertainty.",2017,Neural Computation,Samuel J. Gershman,,,,,,,,,,,,
270,Learning Simpler Language Models with the Differential State Framework.,2017,Neural Computation,Alexander G. Ororbia II,Tomas Mikolov,David Reitter,,,,,,,,,,
271,Learning Rates for Classification with Gaussian Kernels.,2017,Neural Computation,Shaobo Lin,Jinshan Zeng,Xiangyu Chang,,,,,,,,,,
272,Refined Spectral Clustering via Embedded Label Propagation.,2017,Neural Computation,Yan-shuo Chang,Feiping Nie,Zhihui Li,Xiaojun Chang,Heng Huang,,,,,,,,
273,Neural Network Spectral Robustness under Perturbations of the Underlying Graph.,2016,Neural Computation,Anca Radulescu,,,,,,,,,,,,
274,Sequential Tests for Large-Scale Learning.,2016,Neural Computation,Anoop Korattikara,Yutian Chen,Max Welling,,,,,,,,,,
275,A Note on Support Vector Machines with Polynomial Kernels.,2016,Neural Computation,Hongzhi Tong,,,,,,,,,,,,
276,Analytical Calculation of Errors in Time and Value Perception Due to a Subjective Time Accumulator: A Mechanistic Model and the Generation of Weber's Law.,2016,Neural Computation,Vijay Mohan K. Namboodiri,Stefan Mihalas,Marshall G. Hussain Shuler,,,,,,,,,,
277,Efficient Associative Computation with Discrete Synapses.,2016,Neural Computation,Andreas Knoblauch,,,,,,,,,,,,
278,Reduction of Trial-to-Trial Perceptual Variability by Intracortical Tonic Inhibition.,2016,Neural Computation,Osamu Hoshino,Mei Hong Zheng,Kazuo Watanabe,,,,,,,,,,
279,An Empirical Overview of the No Free Lunch Theorem and Its Effect on Real-World Machine Learning Classification.,2016,Neural Computation,David G¨®mez Guill¨¦n,Alfonso Rojas,,,,,,,,,,,
280,Global Exponential Stability of Cohen-Grossberg Neural Networks with Piecewise Constant Argument of Generalized Type and Impulses.,2016,Neural Computation,Qiang Xi,,,,,,,,,,,,
281,Correlational Neural Networks.,2016,Neural Computation,Sarath Chandar,Mitesh M. Khapra,Hugo Larochelle,Balaraman Ravindran,,,,,,,,,
282,Timing of Cortical Events Preceding Voluntary Movement.,2016,Neural Computation,Victor L. Vvedensky,Andrey O. Prokofyev,,,,,,,,,,,
283,"Mutual Information, Fisher Information, and Efficient Coding.",2016,Neural Computation,Xue-Xin Wei,Alan A. Stocker,,,,,,,,,,,
284,Memory Stacking in Hierarchical Networks.,2016,Neural Computation,Johan West,Patrick J. C. May,Hannu Tiitinen,,,,,,,,,,
285,Infinite Continuous Feature Model for Psychiatric Comorbidity Analysis.,2016,Neural Computation,Isabel Valera,Francisco J. R. Ruiz,Pablo M. Olmos,Carlos Blanco,Fernando P¨¦rez-Cruz,,,,,,,,
286,Filtering with State-Observation Examples via Kernel Monte Carlo Filter.,2016,Neural Computation,Motonobu Kanagawa,Yu Nishiyama,Arthur Gretton,Kenji Fukumizu,,,,,,,,,
287,Orthogonal Connectivity Factorization: Interpretable Decomposition of Variability in Correlation Matrices.,2016,Neural Computation,Aapo Hyvrinen,Junichiro Hirayama,Vesa Kiviniemi,Motoaki Kawanabe,,,,,,,,,
288,A Block Successive Lower-Bound Maximization Algorithm for the Maximum Pseudo-Likelihood Estimation of Fully Visible Boltzmann Machines.,2016,Neural Computation,Hien Duy Nguyen,Ian A. Wood,,,,,,,,,,,
289,None,2016,Neural Computation,Seth H. Weinberg,,,,,,,,,,,,
290,"Kernelized Elastic Net Regularization: Generalization Bounds, and Sparse Recovery.",2016,Neural Computation,Yunlong Feng,Shao-Gao Lv,Hanyuan Hang,Johan A. K. Suykens,,,,,,,,,
291,An Online Policy Gradient Algorithm for Markov Decision Processes with Continuous States and Actions.,2016,Neural Computation,Yao Ma,Tingting Zhao,Kohei Hatano,Masashi Sugiyama,,,,,,,,,
292,The Development of an Information Criterion for Change-Point Analysis.,2016,Neural Computation,Colin H. LaMont,Paul A. Wiggins,,,,,,,,,,,
293,Vector Symbolic Spiking Neural Network Model of Hippocampal Subarea CA1 Novelty Detection Functionality.,2016,Neural Computation,Claus Agerskov,,,,,,,,,,,,
294,Feature-Based Attention by Lateral Spike Synchronization.,2016,Neural Computation,August Romeo,Hans Sup¨¨r,,,,,,,,,,,
295,Downstream Effect of Ramping Neuronal Activity through Synapses with Short-Term Plasticity.,2016,Neural Computation,Wei Wei,Xiao-Jing Wang,,,,,,,,,,,
296,Optimal Schedules in Multitask Motor Learning.,2016,Neural Computation,Jeong-Yoon Lee,Youngmin Oh,Sung Shin Kim,Robert A. Scheidt,Nicolas Schweighofer,,,,,,,,
297,Theoretical and Experimental Analyses of Tensor-Based Regression and Classification.,2016,Neural Computation,Kishan Wimalawarne,Ryota Tomioka,Masashi Sugiyama,,,,,,,,,,
298,Feature Selection for Ridge Regression with Provable Guarantees.,2016,Neural Computation,Saurabh Paul,Petros Drineas,,,,,,,,,,,
299,Online Pairwise Learning Algorithms.,2016,Neural Computation,Yiming Ying,Ding-Xuan Zhou,,,,,,,,,,,
300,Sampled-Data State Feedback Stabilization of Boolean Control Networks.,2016,Neural Computation,Yang Liu,Jinde Cao,Liangjie Sun,Jianquan Lu,,,,,,,,,
301,Causal Inference on Discrete Data via Estimating Distance Correlations.,2016,Neural Computation,Furui Liu,Laiwan Chan,,,,,,,,,,,
302,A Mathematical Motivation for Complex-Valued Convolutional Networks.,2016,Neural Computation,Mark Tygert,Joan Bruna,Soumith Chintala,Yann LeCun,Serkan Piantino,Arthur Szlam,,,,,,,
303,Learning Precise Spike Train-to-Spike Train Transformations in Multilayer Feedforward Neuronal Networks.,2016,Neural Computation,Arunava Banerjee,,,,,,,,,,,,
304,Separating Spike Count Correlation from Firing Rate Correlation.,2016,Neural Computation,Giuseppe Vinci,Val¨¦rie Ventura,Matthew A. Smith,Robert E. Kass,,,,,,,,,
305,Effect of Reference Scheme on Power and Phase of the Local Field Potential.,2016,Neural Computation,Vinay Shirhatti,Ayon Borthakur,Supratim Ray,,,,,,,,,,
306,State-Space Analysis of Granger-Geweke Causality Measures with Application to fMRI.,2016,Neural Computation,Victor Solo,,,,,,,,,,,,
307,Whole-Body Reaching Movements Formulated by Minimum Muscle-Tension Change Criterion.,2016,Neural Computation,Naoki Kudo,Kyuheong Choi,Takahiro Kagawa,Yoji Uno,,,,,,,,,
308,Recurrent Neural Network for Computing Outer Inverse.,2016,Neural Computation,Ivan S. Zivkovic,Predrag S. Stanimirovic,Yimin Wei,,,,,,,,,,
309,Electroencephalographic Motor Imagery Brain Connectivity Analysis for BCI: A Review.,2016,Neural Computation,Mahyar Hamedi,Sh-Hussain Salleh,Alias Mohd Noor,,,,,,,,,,
310,McCulloch-Pitts Brains and Pseudorandom Functions.,2016,Neural Computation,Vasek Chv¨¢tal,Mark Goldsmith,Nan Yang,,,,,,,,,,
311,Maintaining Consistency of Spatial Information in the Hippocampal Network: A Combinatorial Geometry Model.,2016,Neural Computation,Yuri Dabaghian,,,,,,,,,,,,
312,Feature-Linking Model for Image Enhancement.,2016,Neural Computation,Kun Zhan,Jicai Teng,Jinhui Shi,Qiaoqiao Li,Mingying Wang,,,,,,,,
313,Direct Density Derivative Estimation.,2016,Neural Computation,Hiroaki Sasaki,Yung-Kyun Noh,Gang Niu,Masashi Sugiyama,,,,,,,,,
314,Robust Clustering Method in the Presence of Scattered Observations.,2016,Neural Computation,Akifumi Notsu,Shinto Eguchi,,,,,,,,,,,
315,Efficient Nonnegative Matrix Factorization by DC Programming and DCA.,2016,Neural Computation,Hoai An Le Thi,Xuan Thanh Vo,Tao Pham Dinh,,,,,,,,,,
316,Robust Support Vector Machines for Classification with Nonconvex and Smooth Losses.,2016,Neural Computation,Yunlong Feng,Yuning Yang,Xiaolin Huang,Siamak Mehrkanoon,Johan A. K. Suykens,,,,,,,,
317,Learning Visual Spatial Pooling by Strong PCA Dimension Reduction.,2016,Neural Computation,Haruo Hosoya,Aapo Hyvrinen,,,,,,,,,,,
318,An Infinite Restricted Boltzmann Machine.,2016,Neural Computation,Marc-Alexandre Ct¨¦,Hugo Larochelle,,,,,,,,,,,
319,A Single Hidden Layer Feedforward Network with Only One Neuron in the Hidden Layer Can Approximate Any Univariate Function.,2016,Neural Computation,Namig J. Guliyev,Vugar E. Ismailov,,,,,,,,,,,
320,1D Current Source Density (CSD) Estimation in Inverse Theory: A Unified Framework for Higher-Order Spectral Regularization of Quadrature and Expansion-Type CSD Methods.,2016,Neural Computation,Pascal Kropf,Amir Shmuel,,,,,,,,,,,
321,A Novel Nonparametric Approach for Neural Encoding and Decoding Models of Multimodal Receptive Fields.,2016,Neural Computation,Rahul Agarwal,Zhe Chen,Fabian Kloosterman,Matthew A. Wilson,Sridevi V. Sarma,,,,,,,,
322,Regularized Multitask Learning for Multidimensional Log-Density Gradient Estimation.,2016,Neural Computation,Ikko Yamane,Hiroaki Sasaki,Masashi Sugiyama,,,,,,,,,,
323,Nonlinear Memory Capacity of Parallel Time-Delay Reservoir Computers in the Processing of Multidimensional Signals.,2016,Neural Computation,Lyudmila Grigoryeva,Julie Henriques,Laurent Larger,Juan-Pablo Ortega,,,,,,,,,
324,Scalable Semisupervised Functional Neurocartography Reveals Canonical Neurons in Behavioral Networks.,2016,Neural Computation,Edward Paxon Frady,Ashish Kapoor,Eric Horvitz,William B. Kristan Jr.,,,,,,,,,
325,The Leaky Integrator with Recurrent Inhibition as a Predictor.,2016,Neural Computation,Henning U. Voss,,,,,,,,,,,,
326,Bayesian Inference and Online Learning in Poisson Neuronal Networks.,2016,Neural Computation,Yanping Huang,Rajesh P. N. Rao,,,,,,,,,,,
327,Asymmetry of Neuronal Combinatorial Codes Arises from Minimizing Synaptic Weight Change.,2016,Neural Computation,Christian Leibold,Mauro M. Monsalve-Mercado,,,,,,,,,,,
328,Clique-Based Neural Associative Memories with Local Coding and Precoding.,2016,Neural Computation,Asieh Abolpour Mofrad,Matthew G. Parker,Zahra Ferdosi,Mohammad Hesam Tadayon,,,,,,,,,
329,Hermite Functional Link Neural Network for Solving the Van der Pol-Duffing Oscillator Equation.,2016,Neural Computation,Susmita Mall,Snehashish Chakraverty,,,,,,,,,,,
330,Optimal Curiosity-Driven Modular Incremental Slow Feature Analysis.,2016,Neural Computation,Varun Raj Kompella,Matthew D. Luciw,Marijn F. Stollenga,J¨¹rgen Schmidhuber,,,,,,,,,
331,A Quasi-Likelihood Approach to Nonnegative Matrix Factorization.,2016,Neural Computation,Karthik Devarajan,Vincent C. K. Cheung,,,,,,,,,,,
332,None,2016,Neural Computation,Yu Wang,Jihong Li,,,,,,,,,,,
333,Learning Minimal Latent Directed Information Polytrees.,2016,Neural Computation,Jalal Etesami,Negar Kiyavash,Todd P. Coleman,,,,,,,,,,
334,Dynamic Multiscale Modes of Resting State Brain Activity Detected by Entropy Field Decomposition.,2016,Neural Computation,Lawrence R. Frank,Vitaly L. Galinsky,,,,,,,,,,,
335,Active Inference and Learning in the Cerebellum.,2016,Neural Computation,Karl J. Friston,Ivan Herreros-Alonso,,,,,,,,,,,
336,A Mathematical Framework for Statistical Decision Confidence.,2016,Neural Computation,Bal¨¢zs Hangya,Joshua I. Sanders,d¨¢m Kepecs,,,,,,,,,,
337,Linking Neuromodulated Spike-Timing Dependent Plasticity with the Free-Energy Principle.,2016,Neural Computation,Takuya Isomura,Koji Sakai,Kiyoshi Kotani,Yasuhiko Jimbo,,,,,,,,,
338,The Geometry of Plasticity-Induced Sensitization in Isoinhibitory Rate Motifs.,2016,Neural Computation,Gautam Kumar,ShiNung Ching,,,,,,,,,,,
339,The Enhanced Rise and Delayed Fall of Memory in a Model of Synaptic Integration: Extension to Discrete State Synapses.,2016,Neural Computation,Terry Elliott,,,,,,,,,,,,
340,Dynamic Signal Tracking in a Simple V1 Spiking Model.,2016,Neural Computation,Guillaume Lajoie,Lai-Sang Young,,,,,,,,,,,
341,Energy-Efficient Neuromorphic Classifiers.,2016,Neural Computation,Daniel Mart¨ª,Mattia Rigotti,Mingoo Seok,Stefano Fusi,,,,,,,,,
342,A Note on Divergences.,2016,Neural Computation,Xiao Liang,,,,,,,,,,,,
343,Simulation Neurotechnologies for Advancing Brain Research: Parallelizing Large Networks in NEURON.,2016,Neural Computation,William W. Lytton,Alexandra Seidenstein,Salvador Dura-Bernal,Robert A. McDougal,Felix Sch¨¹rmann,Michael L. Hines,,,,,,,
344,Integrator or Coincidence Detector: A Novel Measure Based on the Discrete Reverse Correlation to Determine a Neuron's Operational Mode.,2016,Neural Computation,Jacob Kanev,Achilleas Koutsou,Chris Christodoulou,Klaus Obermayer,,,,,,,,,
345,The Space-Clamped Hodgkin-Huxley System with Random Synaptic Input: Inhibition of Spiking by Weak Noise and Analysis with Moment Equations.,2016,Neural Computation,Henry C. Tuckwell,Susanne Ditlevsen,,,,,,,,,,,
346,Presynaptic Spontaneous Activity Enhances the Accuracy of Latency Coding.,2016,Neural Computation,Marie Levakova,Massimiliano Tamborrino,Lubomir Kostal,Petr L¨¢nsk,,,,,,,,,
347,Learning Polychronous Neuronal Groups Using Joint Weight-Delay Spike-Timing-Dependent Plasticity.,2016,Neural Computation,Haoqi Sun,Olga Sourina,Guang-Bin Huang,,,,,,,,,,
348,None,2016,Neural Computation,Tongliang Liu,Dacheng Tao,Dong Xu,,,,,,,,,,
349,The Functional Segregation and Integration Model: Mixture Model Representations of Consistent and Variable Group-Level Connectivity in fMRI.,2016,Neural Computation,Nathan William Churchill,Kristoffer Hougaard Madsen,Morten Mrup,,,,,,,,,,
350,Neural Quadratic Discriminant Analysis: Nonlinear Decoding with V1-Like Computation.,2016,Neural Computation,Marino Pagan,Eero P. Simoncelli,Nicole C. Rust,,,,,,,,,,
351,Identification of Stable Spike-Timing-Dependent Plasticity from Spiking Activity with Generalized Multilinear Modeling.,2016,Neural Computation,Brian S. Robinson,Theodore W. Berger,Dong Song,,,,,,,,,,
352,Surrogate Data Methods Based on a Shuffling of the Trials for Synchrony Detection: The Centering Issue.,2016,Neural Computation,M¨¦lisande Albert,Yann Bouret,Magalie Fromont,Patricia Reynaud-Bouret,,,,,,,,,
353,Variations on the Theme of Synaptic Filtering: A Comparison of Integrate-and-Express Models of Synaptic Plasticity for Memory Lifetimes.,2016,Neural Computation,Terry Elliott,,,,,,,,,,,,
354,On the Analytical Solution of Firing Time for SpikeProp.,2016,Neural Computation,Simon de Montigny,Benot R. Msse,,,,,,,,,,,
355,Continuous Online Sequence Learning with an Unsupervised Neural Network Model.,2016,Neural Computation,Yuwei Cui,Subutai Ahmad,Jeff Hawkins,,,,,,,,,,
356,Chaotic Resonance in Coupled Inferior Olive Neurons with the Llin¨¢s Approach Neuron Model.,2016,Neural Computation,Sou Nobukawa,Haruhiko Nishimura,,,,,,,,,,,
357,The Lamellar Structure of the Brain Fiber Pathways.,2016,Neural Computation,Vitaly L. Galinsky,Lawrence R. Frank,,,,,,,,,,,
358,An Online Structural Plasticity Rule for Generating Better Reservoirs.,2016,Neural Computation,Subhrajit Roy,Arindam Basu,,,,,,,,,,,
359,A Universal Approximation Theorem for Mixture-of-Experts Models.,2016,Neural Computation,Hien Duy Nguyen,Luke R. Lloyd-Jones,Geoffrey J. McLachlan,,,,,,,,,,
360,Neural Mechanism to Simulate a Scale-Invariant Future.,2016,Neural Computation,Karthik H. Shankar,Inder Singh,Marc W. Howard,,,,,,,,,,
361,Derivation of Human Chromatic Discrimination Ability from an Information-Theoretical Notion of Distance in Color Space.,2016,Neural Computation,Mar¨ªa da Fonseca,In¨¦s Samengo,,,,,,,,,,,
362,None,2016,Neural Computation,Zhuo Wang,Alan A. Stocker,Daniel D. Lee,,,,,,,,,,
363,None,2016,Neural Computation,Ken Takano,Hideitsu Hino,Shotaro Akaho,Noboru Murata,,,,,,,,,
364,Exponential Stability of Almost Periodic Solutions for Memristor-Based Neural Networks with Distributed Leakage Delays.,2016,Neural Computation,Changjin Xu,Peiluan Li,Yicheng Pang,,,,,,,,,,
365,Per-Round Knapsack-Constrained Linear Submodular Bandits.,2016,Neural Computation,Baosheng Yu,Meng Fang,Dacheng Tao,,,,,,,,,,
366,Complex Neural Network Models for Time-Varying Drazin Inverse.,2016,Neural Computation,Xuezhong Wang,Yimin Wei,Predrag S. Stanimirovic,,,,,,,,,,
367,Pattern Completion in Symmetric Threshold-Linear Networks.,2016,Neural Computation,Carina Curto,Katherine Morrison,,,,,,,,,,,
368,Learning Theory Estimates with Observations from General Stationary Stochastic Processes.,2016,Neural Computation,Hanyuan Hang,Yunlong Feng,Ingo Steinwart,Johan A. K. Suykens,,,,,,,,,
369,Spike Train SIMilarity Space (SSIMS): A Framework for Single Neuron and Ensemble Data Analysis.,2015,Neural Computation,Carlos E. Vargas-Irwin,David M. Brandman,Jonas B. Zimmermann,John P. Donoghue,Michael J. Black,,,,,,,,
370,Optimizing the Representation of Orientation Preference Maps in Visual Cortex.,2015,Neural Computation,Nicholas J. Hughes,Geoffrey J. Goodhill,,,,,,,,,,,
371,Topological Sparse Learning of Dynamic Form Patterns.,2015,Neural Computation,Thomas Guthier,Volker Willert,Julian Eggert,,,,,,,,,,
372,Dynamics of Gamma Bursts in Local Field Potentials.,2015,Neural Computation,Priscilla E. Greenwood,Mark D. McDonnell,Lawrence M. Ward,,,,,,,,,,
373,Spatiotemporal Conditional Inference and Hypothesis Tests for Neural Ensemble Spiking Precision.,2015,Neural Computation,Matthew T. Harrison,Asohan Amarasingham,Wilson Truccolo,,,,,,,,,,
374,Toward a Multisubject Analysis of Neural Connectivity.,2015,Neural Computation,Chris J. Oates,Lilia Carneiro da Costa,Tom E. Nichols,,,,,,,,,,
375,Using Multilayer Perceptron Computation to Discover Ideal Insect Olfactory Receptor Combinations in the Mosquito and Fruit Fly for an Efficient Electronic Nose.,2015,Neural Computation,Luqman R. Bachtiar,Charles P. Unsworth,Richard D. Newcomb,,,,,,,,,,
376,Graph Degree Sequence Solely Determines the Expected Hopfield Network Pattern Stability.,2015,Neural Computation,Daniel Berend,Shlomi Dolev,Ariel Hanemann,,,,,,,,,,
377,Efficient Training of Convolutional Deep Belief Networks in the Frequency Domain for Application to High-Resolution 2D and 3D Images.,2015,Neural Computation,Tom Brosch,Roger C. Tam,,,,,,,,,,,
378,Conditional Density Estimation with Dimensionality Reduction via Squared-Loss Conditional Entropy Minimization.,2015,Neural Computation,Voot Tangkaratt,Ning Xie,Masashi Sugiyama,,,,,,,,,,
379,Subdiffusive Dynamics of Bump Attractors: Mechanisms and Functional Roles.,2015,Neural Computation,Yang Qi,Michael Breakspear,Pulin Gong,,,,,,,,,,
380,Reliability of Information-Based Integration of EEG and fMRI Data: A Simulation Study.,2015,Neural Computation,Sara Assecondi,Dirk Ostwald,Andrew P. Bagshaw,,,,,,,,,,
381,"Active Inference, Evidence Accumulation, and the Urn Task.",2015,Neural Computation,Thomas H. B. FitzGerald,Philipp Schwartenbeck,Michael Moutoussis,Raymond J. Dolan,Karl J. Friston,,,,,,,,
382,A Neural Mass Model with Direct and Indirect Excitatory Feedback Loops: Identification of Bifurcations and Temporal Dynamics.,2015,Neural Computation,Aur¨¦lie Garnier,Alexandre Vidal,Cl¨¦ment Huneau,Habib Benali,,,,,,,,,
383,Mismatched Training and Test Distributions Can Outperform Matched Ones.,2015,Neural Computation,Carlos R. Gonz¨¢lez,Yaser S. Abu-Mostafa,,,,,,,,,,,
384,Foundations of Support Constraint Machines.,2015,Neural Computation,Giorgio Gnecco,Marco Gori,Stefano Melacci,Marcello Sanguineti,,,,,,,,,
385,Natural Gradient Learning Algorithms for RBF Networks.,2015,Neural Computation,Junsheng Zhao,Haikun Wei,Chi Zhang,Weiling Li,Weili Guo,Kan-Jian Zhang,,,,,,,
386,Spontaneous Motion on Two-Dimensional Continuous Attractors.,2015,Neural Computation,C. C. Alan Fung,Shun-ichi Amari,,,,,,,,,,,
387,Oscillator-Interference Models of Path Integration Do Not Require Theta Oscillations.,2015,Neural Computation,Jeff Orchard,,,,,,,,,,,,
388,What Can Neuromorphic Event-Driven Precise Timing Add to Spike-Based Pattern Recognition?,2015,Neural Computation,Himanshu Akolkar,Cedric Meyer,Xavier Clady,Olivier Marre,Chiara Bartolozzi,Stefano Panzeri,Ryad Benosman,,,,,,
389,Delay Differential Analysis of Time Series.,2015,Neural Computation,Claudia Lainscsek,Terrence J. Sejnowski,,,,,,,,,,,
390,Delay Differential Analysis of Electroencephalographic Data.,2015,Neural Computation,Claudia Lainscsek,Manuel E. Hernandez,Howard Poizner,Terrence J. Sejnowski,,,,,,,,,
391,Range-Based ICA Using a Nonsmooth Quasi-Newton Optimizer for Electroencephalographic Source Localization in Focal Epilepsy.,2015,Neural Computation,S. Easter Selvan,S. Thomas George,R. Balakrishnan,,,,,,,,,,
392,Two-Trace Model for Spike-Timing-Dependent Synaptic Plasticity.,2015,Neural Computation,Rodrigo Echeveste,Claudius Gros,,,,,,,,,,,
393,On Firing Rate Estimation for Dependent Interspike Intervals.,2015,Neural Computation,Elisa Benedetto,Federico Polito,Laura Sacerdote,,,,,,,,,,
394,Memristor Models for Machine Learning.,2015,Neural Computation,Juan Pablo Carbajal,Joni Dambre,Michiel Hermans,Benjamin Schrauwen,,,,,,,,,
395,On Resolving Simultaneous Congruences Using Belief Propagation.,2015,Neural Computation,Yongseok Yoo,Sriram Vishwanath,,,,,,,,,,,
396,Structural Intervention Distance for Evaluating Causal Graphs.,2015,Neural Computation,Jonas Peters,Peter B¨¹hlmann,,,,,,,,,,,
397,Spontaneous Action Potentials and Neural Coding in Unmyelinated Axons.,2015,Neural Computation,Cian O'Donnell,Mark C. W. van Rossum,,,,,,,,,,,
398,Accurate Connection Strength Estimation Based on Variational Bayes for Detecting Synaptic Plasticity.,2015,Neural Computation,Takuya Isomura,Yutaro Ogawa,Kiyoshi Kotani,Yasuhiko Jimbo,,,,,,,,,
399,Hardware-Amenable Structural Learning for Spike-Based Pattern Classification Using a Simple Model of Active Dendrites.,2015,Neural Computation,Shaista Hussain,Shih-Chii Liu,Arindam Basu,,,,,,,,,,
400,Neuronal Calcium Wave Propagation Varies with Changes in Endoplasmic Reticulum Parameters: A Computer Model.,2015,Neural Computation,Samuel A. Neymotin,Robert A. McDougal,Mohamed A. Sherif,Christopher P. Fall,Michael L. Hines,William W. Lytton,,,,,,,
401,Visual Tracking Using Neuromorphic Asynchronous Event-Based Cameras.,2015,Neural Computation,Zhenjiang Ni,Sio-Hoi Ieng,Christoph Posch,St¨¦phane R¨¦gnier,Ryad Benosman,,,,,,,,
402,The Benefits of Modeling Slack Variables in SVMs.,2015,Neural Computation,Fengzhen Tang,Peter Tio,Pedro Antonio Guti¨¦rrez,Huanhuan Chen,,,,,,,,,
403,A Study on the Optimal Double Parameters for Steepest Descent with Momentum.,2015,Neural Computation,Naimin Zhang,,,,,,,,,,,,
404,Self-Organization of Control Circuits for Invariant Fiber Projections.,2015,Neural Computation,Tomas Fernandes,Christoph von der Malsburg,,,,,,,,,,,
405,A Computationally Efficient Method for Incorporating Spike Waveform Information into Decoding Algorithms.,2015,Neural Computation,Val¨¦rie Ventura,Sonia Todorova,,,,,,,,,,,
406,Coding Accuracy Is Not Fully Determined by the Neuronal Model.,2015,Neural Computation,Lubomir Kostal,Petr L¨¢nsk,,,,,,,,,,,
407,Solving Stereo Transparency with an Extended Coarse-to-Fine Disparity Energy Model.,2015,Neural Computation,Zhe Li,Ning Qian,,,,,,,,,,,
408,Simultaneous Multichannel Signal Transfers via Chaos in a Recurrent Neural Network.,2015,Neural Computation,Ken-ichiro Soma,Ryota Mori,Ryuichi Sato,Noriyuki Furumai,Shigetoshi Nara,,,,,,,,
409,Input-Anticipating Critical Reservoirs Show Power Law Forgetting of Unexpected Input Events.,2015,Neural Computation,Norbert Michael Mayer,,,,,,,,,,,,
410,Learning Dynamics of a Single Polar Variable Complex-Valued Neuron.,2015,Neural Computation,Tohru Nitta,,,,,,,,,,,,
411,Online EM with Weight-Based Forgetting.,2015,Neural Computation,Enric Celaya,Alejandro Agostini,,,,,,,,,,,
412,Homeostatic Plasticity for Single Node Delay-Coupled Reservoir Computing.,2015,Neural Computation,Hazem Toutounji,Johannes Schumacher,Gordon Pipa,,,,,,,,,,
413,Surrogate Population Models for Large-Scale Neural Simulations.,2015,Neural Computation,Bryan P. Tripp,,,,,,,,,,,,
414,Regulation of Local Ambient GABA Levels via Transporter-Mediated GABA Import and Export for Subliminal Learning.,2015,Neural Computation,Osamu Hoshino,,,,,,,,,,,,
415,Cortical Spatiotemporal Dimensionality Reduction for Visual Grouping.,2015,Neural Computation,Giacomo Cocci,Davide Barbieri,Giovanna Citti,Alessandro Sarti,,,,,,,,,
416,Refined Generalization Bounds of Gradient Learning over Reproducing Kernel Hilbert Spaces.,2015,Neural Computation,Shao-Gao Lv,,,,,,,,,,,,
417,Timescale Separation in Recurrent Neural Networks.,2015,Neural Computation,Thomas Flynn,,,,,,,,,,,,
418,FastMMD: Ensemble of Circular Discrepancy for Efficient Two-Sample Test.,2015,Neural Computation,Ji Zhao,Deyu Meng,,,,,,,,,,,
419,Unifying Blind Separation and Clustering for Resting-State EEG/MEG Functional Connectivity Analysis.,2015,Neural Computation,Junichiro Hirayama,Takeshi Ogawa,Aapo Hyvrinen,,,,,,,,,,
420,Attentional Bias Through Oscillatory Coherence Between Excitatory Activity and Inhibitory Minima.,2015,Neural Computation,Sebastian Blaes,Thomas Burwick,,,,,,,,,,,
421,Clusterless Decoding of Position from Multiunit Activity Using a Marked Point Process Filter.,2015,Neural Computation,Xinyi Deng,Daniel F. Liu,Kenneth Kay,Loren M. Frank,Uri T. Eden,,,,,,,,
422,A Hebbian/Anti-Hebbian Neural Network for Linear Subspace Learning: A Derivation from Multidimensional Scaling of Streaming Data.,2015,Neural Computation,Cengiz Pehlevan,Tao Hu,Dmitri B. Chklovskii,,,,,,,,,,
423,Learning Slowness in a Sparse Model of Invariant Feature Detection.,2015,Neural Computation,Thusitha N. Chandrapala,Bertram E. Shi,,,,,,,,,,,
424,On the Spike Train Variability Characterized by Variance-to-Mean Power Relationship.,2015,Neural Computation,Shinsuke Koyama,,,,,,,,,,,,
425,None,2015,Neural Computation,Wojciech Rejchel,Hong Li,Chuanbao Ren,Luoqing Li,,,,,,,,,
426,A Statistical Framework to Infer Delay and Direction of Information Flow from Measurements of Complex Systems.,2015,Neural Computation,Johannes Schumacher,Thomas Wunderle,Pascal Fries,Frank Jkel,Gordon Pipa,,,,,,,,
427,An Empirical Model for Reliable Spiking Activity.,2015,Neural Computation,Wanjie Wang,Shreejoy J. Tripathy,Krishnan Padmanabhan,Nathaniel N. Urban,Robert E. Kass,,,,,,,,
428,Inheritance of Hippocampal Place Fields Through Hebbian Learning: Effects of Theta Modulation and Phase Precession on Structure Formation.,2015,Neural Computation,Tiziano D'Albis,Jorge Jaramillo,Henning Sprekeler,Richard Kempter,,,,,,,,,
429,Competitive STDP Learning of Overlapping Spatial Patterns.,2015,Neural Computation,Dalius Krunglevicius,,,,,,,,,,,,
430,A Reward-Maximizing Spiking Neuron as a Bounded Rational Decision Maker.,2015,Neural Computation,Felix Leibfried,Daniel A. Braun,,,,,,,,,,,
431,Optimality of Upper-Arm Reaching Trajectories Based on the Expected Value of the Metabolic Energy Cost.,2015,Neural Computation,Yoshiaki Taniai,Jun Nishii,,,,,,,,,,,
432,Active Learning Using Hint Information.,2015,Neural Computation,Chun-Liang Li,Chun-Sung Ferng,Hsuan-Tien Lin,,,,,,,,,,
433,Subsampled Hessian Newton Methods for Supervised Learning.,2015,Neural Computation,Chien-Chih Wang,Chun-Heng Huang,Chih-Jen Lin,,,,,,,,,,
434,Minimal Sign Representation of Boolean Functions: Algorithms and Exact Results for Low Dimensions.,2015,Neural Computation,Can Eren Sezener,Erhan ztop,,,,,,,,,,,
435,Extracting Low-Dimensional Latent Structure from Time Series in the Presence of Delays.,2015,Neural Computation,Karthik Lakshmanan,Patrick T. Sadtler,Elizabeth C. Tyler-Kabara,Aaron P. Batista,Byron M. Yu,,,,,,,,
436,Is First-Order Vector Autoregressive Model Optimal for fMRI Data?,2015,Neural Computation,Chee-Ming Ting,Abd-Krim Seghouane,Muhammad Usman Khalid,Sh-Hussain Salleh,,,,,,,,,
437,A Novel Reconstruction Framework for Time-Encoded Signals with Integrate-and-Fire Neurons.,2015,Neural Computation,Dorian Florescu,Daniel Coca,,,,,,,,,,,
438,Online Direct Density-Ratio Estimation Applied to Inlier-Based Outlier Detection.,2015,Neural Computation,Marthinus Christoffel du Plessis,Hiroaki Shiino,Masashi Sugiyama,,,,,,,,,,
439,Relations Among Some Low-Rank Subspace Recovery Models.,2015,Neural Computation,Hongyang Zhang,Zhouchen Lin,Chao Zhang,Junbin Gao,,,,,,,,,
440,A Fast Algorithm for Learning Overcomplete Dictionary for Sparse Representation Based on Proximal Operators.,2015,Neural Computation,Zhenni Li,Shuxue Ding,Yujie Li,,,,,,,,,,
441,Fusion of Scores in a Detection Context Based on Alpha Integration.,2015,Neural Computation,Antonio Soriano,Luis Vergara,Ahmed Bouziane,Addisson Salazar,,,,,,,,,
442,Understanding Emergent Dynamics: Using a Collective Activity Coordinate of a Neural Network to Recognize Time-Varying Patterns.,2015,Neural Computation,John J. Hopfield,,,,,,,,,,,,
443,Indefinite Proximity Learning: A Review.,2015,Neural Computation,Frank-Michael Schleif,Peter Tio,,,,,,,,,,,
444,A Note on Entropy Estimation.,2015,Neural Computation,Thomas Sch¨¹rmann,,,,,,,,,,,,
445,Recurrent Neural Network Approach Based on the Integral Representation of the Drazin Inverse.,2015,Neural Computation,Predrag S. Stanimirovic,Ivan S. Zivkovic,Yimin Wei,,,,,,,,,,
446,Visual Categorization with Random Projection.,2015,Neural Computation,Rosa I. Arriaga,David Rutter,Maya Cakmak,Santosh Srinivas Vempala,,,,,,,,,
447,Accuracy and Efficiency in Fixed-Point Neural ODE Solvers.,2015,Neural Computation,Michael Hopkins,Steve B. Furber,,,,,,,,,,,
448,A Simple Label Switching Algorithm for Semisupervised Structural SVMs.,2015,Neural Computation,Balamurugan P.,Shirish K. Shevade,S. Sundararajan,,,,,,,,,,
449,Multiview Bayesian Correlated Component Analysis.,2015,Neural Computation,Simon Kamronn,Andreas Trier Poulsen,Lars Kai Hansen,,,,,,,,,,
450,Linear Methods for Efficient and Fast Separation of Two Sources Recorded with a Single Microphone.,2015,Neural Computation,Saurabh Bhargava,Florian Blttler,Sepp Kollmorgen,Shih-Chii Liu,Richard H. R. Hahnloser,,,,,,,,
451,"STICK: Spike Time Interval Computational Kernel, a Framework for General Purpose Computation Using Neurons, Precise Timing, Delays, and Synchrony.",2015,Neural Computation,Xavier Lagorce,Ryad Benosman,,,,,,,,,,,
452,Visual Decisions in the Presence of Measurement and Stimulus Correlations.,2015,Neural Computation,Manisha Bhardwaj,Samuel Carroll,Wei Ji Ma,Kresimir Josic,,,,,,,,,
453,Hierarchical Error Representation: A Computational Model of Anterior Cingulate and Dorsolateral Prefrontal Cortex.,2015,Neural Computation,William H. Alexander,Joshua W. Brown,,,,,,,,,,,
454,Bayesian Feature Selection with Strongly Regularizing Priors Maps to the Ising Model.,2015,Neural Computation,Charles K. Fisher,Pankaj Mehta,,,,,,,,,,,
455,A Novel Parameter Estimation Method for Boltzmann Machines.,2015,Neural Computation,Takashi Takenouchi,,,,,,,,,,,,
456,Bandit-Based Task Assignment for Heterogeneous Crowdsourcing.,2015,Neural Computation,Hao Zhang,Yao Ma,Masashi Sugiyama,,,,,,,,,,
457,Periodic Forcing of Inhibition-Stabilized Networks: Nonlinear Resonances and Phase-Amplitude Coupling.,2015,Neural Computation,Romain Veltz,Terrence J. Sejnowski,,,,,,,,,,,
458,Rhythmic Inhibition Allows Neural Networks to Search for Maximally Consistent States.,2015,Neural Computation,Hesham Mostafa,Lorenz K. M¨¹ller,Giacomo Indiveri,,,,,,,,,,
459,Learning Spatiotemporally Encoded Pattern Transformations in Structured Spiking Neural Networks.,2015,Neural Computation,Brian Gardner,Ioana Sporea,Andr¨¦ Gr¨¹ning,,,,,,,,,,
460,A Sparse Reformulation of the Green's Function Formalism Allows Efficient Simulations of Morphological Neuron Models.,2015,Neural Computation,Willem A. M. Wybo,Daniele Boccalini,Benjamin Torben-Nielsen,Marc-Oliver Gewaltig,,,,,,,,,
461,Positive Neural Networks in Discrete Time Implement Monotone-Regular Behaviors.,2015,Neural Computation,Tom J. Ameloot,Jan Van den Bussche,,,,,,,,,,,
462,Symbolic Computation Using Cellular Automata-Based Hyperdimensional Computing.,2015,Neural Computation,zg¨¹r Yilmaz,,,,,,,,,,,,
